id,node_id
1,~bacdus-pilhep
2,~bactuc-natsep
3,~baldex-marmyl
4,~bantev-disrup
5,~barnys-samtyc
6,~barres-dirmev
7,~batfeb-sorrev
8,~bicleg-libtyl
9,~bictyn-tomten
10,~bidnem-fipnym
11,~bidpur-binpel
12,~bilmev-bilryn
13,~bilryd-hinsyt
14,~binden-dilwet
15,~binhep-sivmul
16,~binlec-padfex
17,~bisfun-hatfes
18,~bissen-dolsut
19,~bitmep-faswyn
20,~bitrel-natrel
21,~bitrux-falref
22,~bolfyl-hodnup
23,~bolhul-sibbex
24,~bollet-hoshec
25,~bolrec-novhes
26,~bolwes-marwyx
27,~bonrup-ronlev
28,~bonryc-lagnec
29,~bonsel-sabfur
30,~bordex-ripdur
31,~borfex-locres
32,~bornub-hacdyt
33,~boshus-bissun
34,~botmex-sapwep
35,~botryd-ragsum
36,~dabsyn-tomres
37,~dabsyr-fintyn
38,~dachet-fosdef
39,~dacret-magnel
40,~dalmun-sipmug
41,~dannev-mistux
42,~danpur-banreg
43,~dapfet-rabmyr
44,~dartus-picref
45,~dasdyt-wichex
46,~dasfun-mocsyt
47,~datnyt-bacnux
48,~datrep-tolwyx
49,~datsen-wolwen
50,~davsyr-sibter
51,~davtuc-sicbet
52,~dibdef-bicrux
53,~dibmut-parhex
54,~dibnex-famsur
55,~dibzod-forpub
56,~difpeg-havnup
57,~difrup-hatneb
58,~diften-bitten
59,~digseg-sogdex
60,~dinfed-nartev
61,~dinnyt-divsud
62,~dirlec-davrev
63,~dirmus-sovneb
64,~dirneb-macrys
65,~dislys-nosfes
66,~dissul-nisfyl
67,~divmul-picseb
68,~divput-tinlug
69,~divsul-navsul
70,~divwed-mocnes
71,~divwyt-lannyr
72,~dochep-fithul
73,~docmug-worryp
74,~docreb-satrev
75,~dolsur-ponsem
76,~donlud-roltes
77,~donweb-firfyl
78,~dopwed-binlet
79,~dorbes-podbet
80,~dordeg-fadnul
81,~dorrys-lonreb
82,~doslen-hadlut
83,~dotmur-bidtyv
84,~dotnut-divput
85,~dotpyx-ropmyr
86,~dotsev-lavfex
87,~dottel-riprun
88,~dotwer-hapmul
89,~dovpem-wannul
90,~dovsed-hapden
91,~dozdes-rosbep
92,~dozwes-lindut
93,~fabfex-nacnet
94,~fabled-faster
95,~fablyr-mogmut
96,~fadbex-tirrut
97,~fallyn-balfus
98,~falpeg-bonnep
99,~falred-hillun
100,~falset-hiddyr
101,~famfex-dirrus
102,~fanpeg-podhus
103,~fanpyl-losrun
104,~fanpyx-bilsur
105,~fanruc-samheb
106,~fanwex-wordyt
107,~fasmun-morbec
108,~fasnup-ricpeg
109,~fasrev-nalmex
110,~fasrex-bottyd
111,~fidluc-norryx
112,~fidnym-rigleb
113,~fidryg-tadbyr
114,~fidtul-halweg
115,~figrym-famnyx
116,~finnev-lomber
117,~fipdel-
118,~fipmug-bosmev
119,~firben-simryn
120,~firful-saldut
121,~firpeg-migdel
122,~firwyc-divser
123,~firwyn-dildec
124,~firwyn-hopped
125,~fitrum-fotnym
126,~fodden-mornys
127,~fodlex-hoptux
128,~fodrex-malmev
129,~fodrut-haldev
130,~fodsub-wanteb
131,~fodtun-novfun
132,~foglex-togmul
133,~fogsun-hobmex
134,~foldul-miglud
135,~folmun-pilsun
136,~fontyp-famnev
137,~fopnev-botpec
138,~foppem-tidmun
139,~fopwyl-widfyn
140,~fordem-mortus
141,~forlud-rispub
142,~forlux-mocsul
143,~formep-sambex
144,~forten-rochex
145,~fotdev-handev
146,~fotdul-divdex
147,~fotfeb-diblen
148,~fotnup-rocsun
149,~fotryt-nidmes
150,~habnec-fidlyx
151,~habsyp-bolrym
152,~hacpub-donbes
153,~hacryp-minned
154,~hadbur-sarpub
155,~haddef-sigwen
156,~haddeg-ribmeb
157,~hadmul-lavsep
158,~hadwer-losteb
159,~hallen-solpem
160,~halpem-fanlyn
161,~halwed-sigben
162,~hanfel-dovned
163,~hansyd-bostes
164,~haptyn-hatbes
165,~harbel-dacruc
166,~harmer-rontel
167,~harmud-midpec
168,~harmul-hinlec
169,~harsem-ribryn
170,~harwen-nocrep
171,~haslep-possub
172,~hasper-lanfep
173,~hatdes-daslys
174,~hatdun-fasdev
175,~hatdys-sonfex
176,~hatryx-lastud
177,~havful-macsut
178,~havsub-mogpes
179,~hidtuc-lavdec
180,~hillep-dantep
181,~hilmes-molmet
182,~hindeb-rabder
183,~hinmeb-davrum
184,~hinwes-fidler
185,~hobhet-ripheb
186,~hobsur-molbyn
187,~hocser-habbus
188,~hodmut-lavnym
189,~hodseb-rosweg
190,~holdev-fogrum
191,~holfyn-doslyx
192,~holryx-padtux
193,~holtem-mopmut
194,~hopten-toprep
195,~hosbet-somseb
196,~hoshex-figbyr
197,~hosrep-sogrus
198,~hostev-bacfel
199,~labfet-passen
200,~lableg-tadrex
201,~labsem-fabrus
202,~lacfyn-magmyn
203,~laclug-pagwyd
204,~laclut-nilmeb
205,~lacnes-timsud
206,~lacrev-mocsyx
207,~lacryd-pilpen
208,~lacrys-halseg
209,~lactex-hapwyt
210,~ladbyn-lodnex
211,~ladsyt-mirdyl
212,~lagnyr-tastul
213,~lagped-patfur
214,~lanlet-sognub
215,~laphet-falrul
216,~lapsen-nommug
217,~larsyl-mipnyt
218,~lartul-fidleg
219,~lastel-dozsyl
220,~lathep-dopwex
221,~lavdep-mopmes
222,~lavsut-fogdex
223,~libdut-pocryc
224,~librup-tocben
225,~lidder-fogbyr
226,~lidsub-navrev
227,~lighep-fodwyl
228,~liglyn-widlec
229,~lignyd-nornex
230,~ligrud-nocpem
231,~linbur-monlud
232,~linpel-litrul
233,~lishes-fosfyr
234,~lislep-dignyl
235,~lissel-lisryd
236,~liswyd-sogwyn
237,~litneb-maltyp
238,~litret-harben
239,~litrun-ronnut
240,~livwel-ridnel
241,~locleg-firrep
242,~locrev-finlys
243,~lodten-namder
244,~lomnyl-lasmer
245,~lompex-figrud
246,~lomwet-bidrun
247,~lonbel-magdus
248,~lonheb-pidpex
249,~lonlyx-timnev
250,~loplug-falmet
251,~lorfeb-taglut
252,~lorlup-parbel
253,~losweb-mondyn
254,~macfyl-litrep
255,~macpes-roslux
256,~magrus-sammet
257,~magwer-pactec
258,~malmur-halmex
259,~malput-tidsyd
260,~malsed-banreg
261,~maltud-lidmyr
262,~mapben-harseg
263,~martep-figsyr
264,~masdur-mattem
265,~masrys-tapbur
266,~mastuc-nillep
267,~mastyr-bottec
268,~matled-signev
269,~matmeb-dinrun
270,~matmul-sogsyl
271,~matmyl-fasper
272,~mattev-savted
273,~micmex-tilnym
274,~migrud-sondel
275,~milder-wolpet
276,~millux-harpel
277,~milpyl-hobfen
278,~minleb-davheb
279,~minryt-dilmec
280,~minwyc-dablen
281,~mipdus-fitfep
282,~mipref-lacmel
283,~mirdut-mosref
284,~mirfen-holfep
285,~mirnub-docpec
286,~mirtel-siplus
287,~mispun-bolrem
288,~misren-novteb
289,~mitbyn-silryp
290,~mitdes-hodtud
291,~mocput-fidzod
292,~modbur-walfen
293,~modhep-timmes
294,~modmep-rallex
295,~modnep-ramnym
296,~modwex-pacreb
297,~mogdun-nomneb
298,~mogfel-tabseb
299,~mogleb-dansum
300,~molnec-toptep
301,~molned-todtyv
302,~monnup-pasler
303,~monrud-lorfur
304,~moplen-salwyd
305,~mordux-dopmer
306,~motbes-hobpex
307,~motpen-ticdyt
308,~motryg-salrym
309,~nalled-soptus
310,~naltuc-sigsyp
311,~nambel-mistyp
312,~namdyt-diltun
313,~namfyr-withus
314,~namreb-moslyn
315,~naplyx-doppex
316,~naprup-samtyc
317,~narrul-winpen
318,~nartul-hannex
319,~nartyn-noslun
320,~narwed-monrel
321,~natder-davmet
322,~natdex-dovsev
323,~natdus-doclec
324,~natnex-ronret
325,~natnyd-nidmug
326,~natpen-wisres
327,~natper-rilwyd
328,~natzod-sonnyl
329,~navnex-tipped
330,~navsym-ricnyd
331,~navtes-sarfun
332,~nibper-fodpyx
333,~nibpur-piclyx
334,~nibser-tanwet
335,~nidbel-podpel
336,~nidder-larfun
337,~nilpub-miptel
338,~nisdyn-tonlec
339,~nisrem-figmyr
340,~nocdyl-tobpem
341,~nocdys-ramned
342,~nocfex-folmeb
343,~nocput-wisbel
344,~noctyn-ribdyr
345,~nodfus-folbet
346,~nodrux-donreb
347,~nodwes-taptux
348,~nollux-forbus
349,~nolnyx-fadrum
350,~noltyc-tasfel
351,~nomdex-tagtyv
352,~nommet-taglev
353,~nomryd-rabrut
354,~nopfel-rabped
355,~noplut-winres
356,~nopref-tamsed
357,~norpyl-figtyp
358,~nosmes-sibwyx
359,~novbyr-miclux
360,~pacfen-podlys
361,~pacfyn-sitfun
362,~pacrys-habrun
363,~pagled-hodten
364,~palrex-macred
365,~pandys-rispes
366,~panmyr-riblun
367,~panwyn-dactul
368,~pardec-podmyn
369,~parlen-dibryt
370,~partun-walpen
371,~pasfun-radreb
372,~pashes-rocwyt
373,~paslur-ravfur
374,~pasmul-hopnel
375,~patnes-rigtyn
376,~patnut-dovryp
377,~pattyc-sablex
378,~picheb-fodhul
379,~pictep-boltex
380,~pictun-botrum
381,~pidsyp-miptuc
382,~pindet-timmut
383,~pinwyl-hasfeb
384,~pitrup-nosfyl
385,~pittel-solnep
386,~pittux-ricsup
387,~poclud-patweb
388,~pocrus-sapluc
389,~podrem-patmun
390,~podtyr-roctes
391,~poldec-tonteg
392,~ponmed-pagdus
393,~posmep-hobbex
394,~posruc-dolpec
395,~rabfel-hobmet
396,~rabhus-davfep
397,~rabmel-magmet
398,~rabnem-mitper
399,~rabwyc-pidweb
400,~racnut-bonryg
401,~racset-naltux
402,~radrud-motsel
403,~radwep-fogpeg
404,~ragmeg-dabdeg
405,~ragtyn-ticpun
406,~ralbyr-sidfer
407,~ralmul-malsup
408,~ralryl-nosdes
409,~ralwyd-watwyt
410,~rammyn-mopwel
411,~ranmud-dibtyd
412,~rannus-pallyr
413,~ranryp-rigfus
414,~ranwes-micrev
415,~raprep-tardut
416,~rapsyr-pondun
417,~ravbus-borsut
418,~ravrep-polsur
419,~ravrup-wornul
420,~riblur-sipryx
421,~ribsel-rocleg
422,~ribtyv-hosmur
423,~rictud-simrup
424,~ridlur-figbud
425,~rigber-hodmex
426,~riglec-hadmug
427,~rigrus-nisnes
428,~rinmed-saldel
429,~rinsyn-bacbyr
430,~rinweg-palryp
431,~riprud-tidmel
432,~riprup-filhep
433,~ripsup-lonbep
434,~ripwen-sabrup
435,~risdys-fogdux
436,~rishex-habbyl
437,~rislec-mipres
438,~ritheb-masseb
439,~rivbyr-holned
440,~rivdus-fopbet
441,~rivhul-dozful
442,~rivput-massef
443,~rivtec-fonfer
444,~rocnet-mitfyn
445,~rolmec-worfes
446,~rondys-morlec
447,~ronsym-pactyd
448,~rontyl-fodtyp
449,~ropdep-tasfex
450,~ropdev-tolmed
451,~roplyr-dastyn
452,~roptyp-norwen
453,~rosbyl-mipred
454,~rosdel-dossyx
455,~rossul-pallex
456,~rosten-natwep
457,~rovtyv-nacdev
458,~sabmeg-faldet
459,~sabned-satrul
460,~sabset-ropref
461,~salreg-boslup
462,~salteg-riplys
463,~sammut-posnev
464,~sanbec-holseg
465,~sanser-sictyd
466,~saplev-bilmec
467,~sapset-fansyx
468,~sapsyp-rolrex
469,~sardec-linnec
470,~sarlyt-tandem
471,~satlut-ridrun
472,~satmel-wicmex
473,~satrep-wolben
474,~satsud-migdet
475,~savdec-tamsyt
476,~savnyx-roprec
477,~savpun-tidwyd
478,~siblup-hodhus
479,~sibmel-ribbyt
480,~sibtes-dovpen
481,~sibtyp-pitnex
482,~sicrud-fittyr
483,~sicwes-sanpen
484,~sidheb-famryx
485,~sidtes-hocsur
486,~sigdur-timlus
487,~siglug-sighet
488,~signul-todsyt
489,~siltel-davlun
490,~simwes-sorsul
491,~sipdem-dacnet
492,~sipnul-pasnyl
493,~sitbet-hiddys
494,~sitpem-bolfen
495,~sitsep-donmyr
496,~sivlen-livped
497,~sivrel-lacpes
498,~socnem-dotsul
499,~sogmun-ronrel
500,~sogrev-fonred
501,~sogwyd-mosryc
502,~soldet-hasweg
503,~solted-litleg
504,~solwyd-tilmut
505,~somheb-rigdux
506,~sonned-maldyn
507,~sonnel-malmec
508,~sonnub-pagtec
509,~sopfep-nodmeb
510,~sopryx-mipsun
511,~sopsyn-ridlyt
512,~soptyv-saplyr
513,~sordus-lanhes
514,~sorful-tomsed
515,~sovnum-fastyc
516,~sovnum-nomtyc
517,~tabbyl-dopdes
518,~tabrul-binref
519,~tabrum-holmev
520,~tabset-donweb
521,~tacder-holmud
522,~tacmul-nortux
523,~tacsup-datsyn
524,~tacwed-passem
525,~tadlec-fidtux
526,~tadnep-samrum
527,~tadsec-samlus
528,~tadsyx-mopten
529,~tagfel-dozpel
530,~tagrul-mocryd
531,~tagwep-danmeb
532,~tagwer-parnyl
533,~talpex-ramdet
534,~tamdel-nalbyl
535,~tamlut-modnys
536,~tanhec-wacmev
537,~tanlev-banweg
538,~tanpec-winlux
539,~tanpen-ridlyt
540,~tanrex-ranmun
541,~tanwyd-togdel
542,~taplec-sivlet
543,~tapruc-solwer
544,~tapwyx-hopdeg
545,~tardyr-ropryn
546,~tarnum-rivpel
547,~tasben-moltyl
548,~tasmul-hapnut
549,~tasnyx-tocluc
550,~tassyd-rantep
551,~ticbyn-wicsub
552,~ticryn-ritsyd
553,~ticsyx-tacbep
554,~tidbyt-sitduc
555,~tidwen-rovfun
556,~tildus-dorsum
557,~tilrut-malnyd
558,~tiltyr-rambud
559,~timwyn-batsym
560,~tinben-mitluc
561,~tinfur-pillup
562,~tinnep-hodwex
563,~tinsud-nissym
564,~tiplen-tarryc
565,~tipsur-riphus
566,~tirfep-filwyn
567,~tirlex-hocnux
568,~tirnux-fogwyl
569,~tirpur-dismeb
570,~tobder-latlen
571,~tobren-worbud
572,~tobsud-foslus
573,~tochep-timsep
574,~tocner-lacbes
575,~tocpyl-ragsun
576,~toctus-bolsyd
577,~tocweg-nollex
578,~todpyl-ranbyn
579,~todrut-nilnux
580,~todset-partug
581,~togbec-nacnyl
582,~tognyd-hobluc
583,~toldev-sopbel
584,~tollys-dantes
585,~tomdul-silryl
586,~tomlys-bonfyr
587,~tomrev-lorfyl
588,~tondep-tabdec
589,~topfet-parmed
590,~topmet-picret
591,~toprup-micbyr
592,~topsyd-rammur
593,~tormut-bolpub
594,~wactyd-dolwer
595,~waldut-hodwen
596,~wallyr-ripnys
597,~wannux-laptex
598,~wanrep-sanbus
599,~wanrys-lasryn
600,~watpel-simhut
601,~watrel-tagdun
602,~watrep-mipmud
603,~watsen-tarnes
604,~wicmul-wortun
605,~wicpex-hidnet
606,~wiczod-hacmes
607,~widmeb-linreg
608,~widref-wiswen
609,~widrep-fabbud
610,~wispub-tonted
611,~wiswyn-hilrel
612,~witlen-monlys
613,~witmed-minhut
614,~witsub-bisfeb
615,~wolbep-barnet
616,~wolfeb-monryd
617,~wolmur-botlut
618,~wolpub-ropnem
619,~worrel-hodsul
620,~wolpub-ropnem
621,~worrel-hodsul
622,~worryt-dapmur